Begin_position,End_position,Segment,Segment_begin_position,Segment_end_position,Mutability,Shannon_entropy,Gap_percentage,Protein,Sequence
2234,2263,1,2234,2263,0.02913,0.15754,0.0,PB2,CTTACTGACAGCCAGACAGCGACCAAAAGA
2232,2261,1,2232,2261,0.02923,0.15832,0.0,PB2,TACTTACTGACAGCCAGACAGCGACCAAAA
2233,2262,1,2233,2262,0.02932,0.1591,0.0,PB2,ACTTACTGACAGCCAGACAGCGACCAAAAG
2247,2276,1,2247,2276,0.03626,0.20272,0.0,PB2,AGACAGCGACCAAAAGAATTCGGATGGCCA
2248,2277,1,2248,2277,0.03646,0.20428,0.0,PB2,GACAGCGACCAAAAGAATTCGGATGGCCAT
2249,2278,1,2249,2278,0.03725,0.20888,0.0,PB2,ACAGCGACCAAAAGAATTCGGATGGCCATC
2235,2264,1,2235,2264,0.04072,0.21972,0.0,PB2,TTACTGACAGCCAGACAGCGACCAAAAGAA
2250,2279,1,2250,2279,0.03963,0.2243,0.0,PB2,CAGCGACCAAAAGAATTCGGATGGCCATCA
2251,2280,1,2251,2280,0.04012,0.2278,0.0,PB2,AGCGACCAAAAGAATTCGGATGGCCATCAA
2252,2281,1,2252,2281,0.04032,0.22936,0.0,PB2,GCGACCAAAAGAATTCGGATGGCCATCAAT
